id,station_name,prec_no,block_no,station_type,earliest_year
1,札幌,14,47412,s,1872
2,仙台,34,47590,s,1872
3,さいたま,43,0363,a,1976
4,東京,44,47662,s,1872
5,新潟,54,47604,s,1872
6,名古屋,51,47636,s,1872
7,大阪,62,47772,s,1872
8,広島,67,47765,s,1872
9,高松,72,47891,s,1872
10,福岡,82,47807,s,1872
11,鹿児島,88,47827,s,1872
12,那覇,91,47936,s,1872
13,中頓別,11,1051,a,1976
14,北見枝幸,11,47402,s,1872
15,声問,11,1528,a,1976
16,宗谷岬,11,1284,a,1976
17,幌泊,11,1593,a,1976
18,本泊,11,1512,a,1976
19,歌登,11,0005,a,1976
20,沓形,11,0002,a,1976
21,沼川,11,1203,a,1976
22,浜頓別,11,0003,a,1976
23,浜鬼志別,11,1285,a,1976
24,礼文,11,1546,a,1976
25,稚内,11,47401,s,1872
26,船泊,11,1207,a,1976
27,豊富,11,1054,a,1976
28,上富良野,12,1190,a,1976
29,上川,12,0015,a,1976
30,下川,12,0010,a,1976
31,中川,12,1201,a,1976
32,占冠,12,1189,a,1976
33,名寄,12,0008,a,1976
34,和寒,12,1055,a,1976
35,士別,12,0011,a,1976
36,富良野,12,0021,a,1976
37,幌加内,12,1053,a,1976
38,幾寅,12,1188,a,1976
39,志比内,12,1185,a,1976
40,旭川,12,47407,s,1872
41,朝日,12,1047,a,1976
42,朱鞠内,12,1279,a,1976
43,東川,12,1184,a,1976
44,東神楽,12,1458,a,1976
45,比布,12,1048,a,1976
46,江丹別,12,1191,a,1976
47,美深,12,0006,a,1976
48,美瑛,12,1052,a,1976
49,音威子府,12,1197,a,1976
50,麓郷,12,1280,a,1976
51,初山別,13,1216,a,1976
52,増毛,13,0028,a,1976
53,天塩,13,0024,a,1976
54,幌糠,13,1218,a,1976
55,焼尻,13,1213,a,1976
56,留萌,13,47406,s,1872
57,羽幌,13,47404,s,1872
58,達布,13,1217,a,1976
59,遠別,13,0025,a,1976
60,千歳,14,1459,a,1976
61,厚田,14,1194,a,1976
62,山口,14,0031,a,1976
63,恵庭島松,14,0035,a,1976
64,支笏湖畔,14,0037,a,1976
65,新篠津,14,0030,a,1976
66,江別,14,1507,a,1976
67,浜益,14,1193,a,1976
68,石狩,14,1085,a,1976
69,西野幌,14,1076,a,1976
70,夕張,15,0049,a,1976
71,岩見沢,15,47413,s,1872
72,月形,15,0999,a,1976
73,深川,15,0039,a,1976
74,滝川,15,0041,a,1976
75,石狩沼田,15,0038,a,1976
76,秩父別,15,1674,a,1976
77,空知吉野,15,1287,a,1976
78,美唄,15,0044,a,1976
79,芦別,15,0043,a,1976
80,長沼,15,0047,a,1976
81,余市,16,0052,a,1976
82,倶知安,16,47433,s,1872
83,共和,16,0054,a,1976
84,喜茂別,16,0060,a,1976
85,寿都,16,47421,s,1872
86,小樽,16,47411,s,1872
87,真狩,16,1072,a,1976
88,神恵内,16,1208,a,1976
89,美国,16,0051,a,1976
90,蘭越,16,0055,a,1976
91,黒松内,16,0061,a,1976
92,佐呂間,17,0070,a,1976
93,北見,17,0074,a,1976
94,境野,17,1209,a,1976
95,女満別,17,1460,a,1976
96,宇登呂,17,0981,a,1976
97,小清水,17,0075,a,1976
98,常呂,17,0068,a,1976
99,斜里,17,0076,a,1976
100,津別,17,0082,a,1976
101,湧別,17,0065,a,1976
102,滝上,17,0066,a,1976
103,生田原,17,0072,a,1976
104,留辺蘂,17,0077,a,1976
105,白滝,17,1092,a,1976
106,紋別,17,47435,s,1872
107,紋別小向,17,1487,a,1976
108,網走,17,47409,s,1872
109,美幌,17,0079,a,1976
110,興部,17,0063,a,1976
111,西興部,17,1073,a,1976
112,遠軽,17,0069,a,1976
113,雄武,17,47405,s,1872
114,上標津,18,1547,a,1976
115,中標津,18,0086,a,1976
116,別海,18,0088,a,1976
117,厚床,18,1196,a,1976
118,根室,18,47420,s,1872
119,根室中標津,18,1489,a,1976
120,標津,18,0085,a,1976
121,納沙布,18,1056,a,1976
122,羅臼,18,0084,a,1976
123,計根別,18,0087,a,1976
124,中徹別,19,0095,a,1976
125,太田,19,1192,a,1976
126,川湯,19,0090,a,1976
127,弟子屈,19,1187,a,1976
128,榊町,19,1195,a,1976
129,標茶,19,0093,a,1976
130,白糠,19,0098,a,1976
131,知方学,19,1283,a,1976
132,釧路,19,47418,s,1872
133,阿寒湖畔,19,0091,a,1976
134,鶴丘,19,1461,a,1976
135,鶴居,19,1186,a,1976
136,ぬかびら源泉郷,20,0103,a,1976
137,上士幌,20,0107,a,1976
138,上札内,20,1210,a,1976
139,大樹,20,0121,a,1976
140,大津,20,1214,a,1976
141,帯広,20,47417,s,1872
142,帯広泉,20,1510,a,1976
143,広尾,20,47440,s,1872
144,新得,20,0113,a,1976
145,更別,20,1211,a,1976
146,本別,20,0112,a,1976
147,池田,20,0117,a,1976
148,浦幌,20,0118,a,1976
149,糠内,20,1286,a,1976
150,芽室,20,0115,a,1976
151,足寄,20,0109,a,1976
152,陸別,20,0101,a,1976
153,駒場,20,1204,a,1976
154,鹿追,20,0114,a,1976
155,伊達,21,0132,a,1976
156,厚真,21,0124,a,1976
157,大岸,21,0128,a,1976
158,大滝,21,1067,a,1976
159,室蘭,21,47423,s,1872
160,森野,21,0126,a,1976
161,登別,21,0134,a,1976
162,白老,21,0130,a,1976
163,穂別,21,0125,a,1976
164,苫小牧,21,47424,s,1872
165,鵡川,21,0131,a,1976
166,えりも岬,22,1340,a,1976
167,三石,22,1198,a,1976
168,中杵臼,22,1288,a,1976
169,新和,22,0137,a,1976
170,日高,22,1202,a,1976
171,日高門別,22,0136,a,1976
172,浦河,22,47426,s,1872
173,静内,22,0140,a,1976
174,八雲,23,0144,a,1976
175,函館,23,47430,s,1872
176,北斗,23,0148,a,1976
177,川汲,23,0147,a,1976
178,木古内,23,0917,a,1976
179,松前,23,0152,a,1976
180,森,23,0145,a,1976
181,熊石,23,0155,a,1976
182,長万部,23,0143,a,1976
183,高松,23,1462,a,1976
184,せたな,24,0153,a,1976
185,今金,24,0154,a,1976
186,奥尻,24,1199,a,1976
187,江差,24,47428,s,1872
188,米岡,24,1513,a,1976
189,鶉,24,1200,a,1976
190,むつ,31,47576,s,1872
191,三戸,31,0179,a,1976
192,三沢,31,0169,a,1976
193,五所川原,31,0164,a,1976
194,今別,31,1026,a,1976
195,休屋,31,0177,a,1976
196,八戸,31,47581,s,1872
197,六ケ所,31,1027,a,1976
198,十和田,31,0172,a,1976
199,大間,31,1041,a,1976
200,小田野沢,31,1122,a,1976
201,市浦,31,1119,a,1976
202,弘前,31,0166,a,1976
203,深浦,31,47574,s,1872
204,碇ケ関,31,0175,a,1976
205,脇野沢,31,1124,a,1976
206,蟹田,31,0160,a,1976
207,酸ケ湯,31,1079,a,1976
208,野辺地,31,0162,a,1976
209,青森,31,47575,s,1872
210,青森大谷,31,1495,a,1976
211,鰺ケ沢,31,0163,a,1976
212,黒石,31,0167,a,1976
213,にかほ,32,0199,a,1976
214,五城目,32,0188,a,1976
215,八幡平,32,1289,a,1976
216,八森,32,1043,a,1976
217,大曲,32,0195,a,1976
218,大正寺,32,1050,a,1976
219,大潟,32,1035,a,1976
220,大館,32,0912,a,1976
221,岩見三内,32,0192,a,1976
222,本荘,32,0196,a,1976
223,東由利,32,1117,a,1976
224,横手,32,0198,a,1976
225,湯の岱,32,0204,a,1976
226,湯沢,32,0202,a,1976
227,湯瀬,32,0186,a,1976
228,田沢湖,32,0194,a,1976
229,男鹿,32,1036,a,1976
230,矢島,32,0200,a,1976
231,秋田,32,47582,s,1872
232,能代,32,0183,a,1976
233,脇神,32,1463,a,1976
234,角館,32,0193,a,1976
235,阿仁合,32,1131,a,1976
236,雄和,32,1511,a,1976
237,鷹巣,32,0184,a,1976
238,鹿角,32,0185,a,1976
239,一関,33,0238,a,1976
240,久慈,33,0209,a,1976
241,二戸,33,0207,a,1976
242,住田,33,1206,a,1976
243,北上,33,0230,a,1976
244,区界,33,1447,a,1976
245,千厩,33,0239,a,1976
246,大船渡,33,47512,s,1872
247,大迫,33,0228,a,1976
248,奥中山,33,1215,a,1976
249,好摩,33,1032,a,1976
250,宮古,33,47585,s,1872
251,小本,33,1212,a,1976
252,山形,33,1219,a,1976
253,山田,33,1033,a,1976
254,岩手松尾,33,0214,a,1976
255,岩泉,33,0218,a,1976
256,川井,33,1224,a,1976
257,新町,33,1628,a,1976
258,普代,33,1123,a,1976
259,江刺,33,0236,a,1976
260,沢内,33,1118,a,1976
261,湯田,33,0229,a,1976
262,盛岡,33,47584,s,1872
263,種市,33,0205,a,1976
264,紫波,33,1128,a,1976
265,花巻,33,0227,a,1976
266,若柳,33,0235,a,1976
267,荒屋,33,1120,a,1976
268,葛巻,33,0211,a,1976
269,薮川,33,1078,a,1976
270,軽米,33,0206,a,1976
271,遠野,33,0231,a,1976
272,釜石,33,0233,a,1976
273,門馬,33,1225,a,1976
274,陸前高田,33,1629,a,1976
275,雫石,33,0221,a,1976
276,丸森,34,1220,a,1976
277,亘理,34,0257,a,1976
278,古川,34,0247,a,1976
279,名取,34,1464,a,1976
280,塩釜,34,1030,a,1976
281,大衡,34,0248,a,1976
282,女川,34,1626,a,1976
283,川崎,34,0254,a,1976
284,川渡,34,0243,a,1976
285,志津川,34,0246,a,1976
286,新川,34,0251,a,1976
287,東松島,34,1631,a,1976
288,桃生,34,1630,a,1976
289,気仙沼,34,0242,a,1976
290,江ノ島,34,1290,a,1976
291,白石,34,0256,a,1976
292,石巻,34,47592,s,1872
293,築館,34,0244,a,1976
294,米山,34,1029,a,1976
295,蔵王,34,1564,a,1976
296,駒ノ湯,34,1126,a,1976
297,鹿島台,34,0249,a,1976
298,向町,35,0910,a,1976
299,大井沢,35,1292,a,1976
300,小国,35,0277,a,1976
301,尾花沢,35,1039,a,1976
302,山形,35,47588,s,1872
303,左沢,35,0272,a,1976
304,差首鍋,35,0260,a,1976
305,新庄,35,47520,s,1872
306,村山,35,1539,a,1976
307,東根,35,1488,a,1976
308,楯岡,35,0271,a,1976
309,浜中,35,1465,a,1976
310,狩川,35,0264,a,1976
311,米沢,35,0279,a,1976
312,肘折,35,1125,a,1976
313,酒田,35,47587,s,1872
314,金山,35,0262,a,1976
315,長井,35,0275,a,1976
316,飛島,35,1291,a,1976
317,高峰,35,0278,a,1976
318,高畠,35,1132,a,1976
319,鶴岡,35,0263,a,1976
320,鼠ケ関,35,1040,a,1976
321,上遠野,36,1127,a,1976
322,二本松,36,0291,a,1976
323,南郷,36,0301,a,1976
324,古殿,36,1634,a,1976
325,只見,36,0297,a,1976
326,喜多方,36,0286,a,1976
327,小名浜,36,47598,s,1872
328,小野新町,36,0304,a,1976
329,山田,36,1607,a,1976
330,川内,36,1129,a,1976
331,広野,36,1034,a,1976
332,新地,36,1633,a,1976
333,東白川,36,0312,a,1976
334,桧原,36,1282,a,1976
335,桧枝岐,36,1295,a,1976
336,梁川,36,0281,a,1976
337,浪江,36,0295,a,1976
338,湯本,36,1294,a,1976
339,猪苗代,36,0290,a,1976
340,玉川,36,1466,a,1976
341,田島,36,0303,a,1976
342,白河,36,47597,s,1872
343,相馬,36,0285,a,1976
344,石川,36,0307,a,1976
345,福島,36,47595,s,1872
346,船引,36,0294,a,1976
347,若松,36,47570,s,1872
348,茂庭,36,1293,a,1976
349,西会津,36,1031,a,1976
350,郡山,36,0299,a,1976
351,金山,36,1044,a,1976
352,飯舘,36,1130,a,1976
353,鷲倉,36,1116,a,1976
354,つくば（館野）,40,47646,s,1872
355,下妻,40,0322,a,1976
356,下館,40,1530,a,1976
357,北茨城,40,0315,a,1976
358,古河,40,0320,a,1976
359,土浦,40,0324,a,1976
360,大子,40,0316,a,1976
361,常総,40,1661,a,1976
362,常陸大宮,40,1331,a,1976
363,日立,40,1011,a,1976
364,水戸,40,47629,s,1872
365,笠間,40,0318,a,1976
366,筑波山,40,1082,a,1976
367,鉾田,40,1245,a,1976
368,高萩,40,1635,a,1976
369,鹿嶋,40,0325,a,1976
370,龍ケ崎,40,1014,a,1976
371,五十里,41,1015,a,1976
372,今市,41,1333,a,1976
373,佐野,41,1018,a,1976
374,土呂部,41,1221,a,1976
375,塩谷,41,1334,a,1976
376,大田原,41,0331,a,1976
377,奥日光（日光）,41,47690,s,1872
378,宇都宮,41,47615,s,1872
379,小山,41,0341,a,1976
380,日光東町,41,1675,a,1976
381,烏山,41,1017,a,1976
382,真岡,41,0338,a,1976
383,那須烏山,41,1605,a,1976
384,那須高原,41,0326,a,1976
385,鹿沼,41,0335,a,1976
386,黒磯,41,0329,a,1976
387,みなかみ,42,1019,a,1976
388,上里見,42,0353,a,1976
389,中之条,42,1020,a,1976
390,伊勢崎,42,1021,a,1976
391,前橋,42,47624,s,1872
392,桐生,42,0351,a,1976
393,沼田,42,0346,a,1976
394,田代,42,0348,a,1976
395,神流,42,1223,a,1976
396,草津,42,0343,a,1976
397,藤原,42,1222,a,1976
398,西野牧,42,0354,a,1976
399,館林,42,0356,a,1976
400,久喜,43,0359,a,1976
401,寄居,43,1009,a,1976
402,所沢,43,1070,a,1976
403,熊谷,43,47626,s,1872
404,秩父,43,47641,s,1872
405,越谷,43,0364,a,1976
406,鳩山,43,1232,a,1976
407,三宅伊豆,44,1525,a,1976
408,三宅坪田,44,1506,a,1976
409,三宅島,44,47677,s,1872
410,三宅島阿古,44,1509,a,1976
411,八丈島,44,47678,s,1872
412,八王子,44,0366,a,1976
413,八重見ヶ原,44,1468,a,1976
414,南鳥島,44,47991,s,1872
415,大島,44,47675,s,1872
416,大島北ノ山,44,1467,a,1976
417,小河内,44,0365,a,1976
418,府中,44,1133,a,1976
419,新島,44,1134,a,1976
420,新島,44,1522,a,1976
421,江戸川臨海,44,0370,a,1976
422,父島,44,47971,s,1872
423,神津島,44,1523,a,1976
424,練馬,44,1002,a,1976
425,羽田,44,0371,a,1976
426,青梅,44,1001,a,1976
427,佐倉,45,0916,a,1976
428,勝浦,45,47674,s,1872
429,千葉,45,47682,s,1872
430,坂畑,45,1241,a,1976
431,成田,45,0378,a,1976
432,我孫子,45,0376,a,1976
433,木更津,45,0382,a,1976
434,横芝光,45,1003,a,1976
435,牛久,45,1238,a,1976
436,船橋,45,1236,a,1976
437,茂原,45,0381,a,1976
438,銚子,45,47648,s,1872
439,館山,45,47672,s,1872
440,香取,45,0375,a,1976
441,鴨川,45,0384,a,1976
442,三浦,46,0392,a,1976
443,小田原,46,1008,a,1976
444,横浜,46,47670,s,1872
445,江ノ島,46,0391,a,1976
446,海老名,46,0388,a,1976
447,辻堂,46,1443,a,1976
448,上田,48,0402,a,1976
449,伊那,48,1445,a,1976
450,佐久,48,0408,a,1976
451,信州新町,48,0400,a,1976
452,信濃町,48,0394,a,1976
453,南信濃,48,1323,a,1976
454,南木曽,48,1022,a,1976
455,原村,48,0414,a,1976
456,大町,48,0399,a,1976
457,奈川,48,1312,a,1976
458,木曽平沢,48,0413,a,1976
459,木曽福島,48,0417,a,1976
460,木祖薮原,48,1666,a,1976
461,東御,48,0993,a,1976
462,松本,48,47618,s,1872
463,松本今井,48,1529,a,1976
464,浪合,48,1317,a,1976
465,白馬,48,0396,a,1976
466,穂高,48,0404,a,1976
467,立科,48,1300,a,1976
468,菅平,48,0992,a,1976
469,諏訪,48,47620,s,1872
470,軽井沢,48,47622,s,1872
471,辰野,48,1319,a,1976
472,野沢温泉,48,0393,a,1976
473,野辺山,48,0415,a,1976
474,長野,48,47610,s,1872
475,開田高原,48,1314,a,1976
476,飯山,48,0395,a,1976
477,飯島,48,0424,a,1976
478,飯田,48,47637,s,1872
479,高遠,48,0418,a,1976
480,切石,49,1234,a,1976
481,勝沼,49,0433,a,1976
482,南部,49,0439,a,1976
483,古関,49,0436,a,1976
484,大月,49,0434,a,1976
485,大泉,49,1023,a,1976
486,富士山,49,47639,s,1872
487,山中,49,0438,a,1976
488,河口湖,49,47640,s,1872
489,甲府,49,47638,s,1872
490,韮崎,49,1024,a,1976
491,三島,50,47657,s,1872
492,井川,50,1338,a,1976
493,佐久間,50,0986,a,1976
494,天竜,50,0451,a,1976
495,富士,50,0442,a,1976
496,富士山,50,47639,s,1872
497,川根本町,50,0445,a,1976
498,御前崎,50,47655,s,1872
499,御殿場,50,0441,a,1976
500,松崎,50,0456,a,1976
501,浜松,50,47654,s,1872
502,清水,50,1243,a,1976
503,熱海伊豆山,50,1673,a,1976
504,石廊崎,50,47666,s,1872
505,磐田,50,1244,a,1976
506,稲取,50,0457,a,1976
507,網代,50,47668,s,1872
508,菊川牧之原,50,1335,a,1976
509,静岡,50,47656,s,1872
510,静岡空港,50,1601,a,1976
511,セントレア,51,1555,a,1976
512,伊良湖,51,47653,s,1872
513,南知多,51,0984,a,1976
514,大府,51,1638,a,1976
515,岡崎,51,0467,a,1976
516,愛西,51,1346,a,1976
517,新城,51,1541,a,1976
518,東海,51,0465,a,1976
519,稲武,51,0982,a,1976
520,蒲郡,51,1344,a,1976
521,豊山,51,0461,a,1976
522,豊橋,51,0470,a,1976
523,豊田,51,0464,a,1976
524,鳳来,51,1341,a,1976
525,中津川,52,0494,a,1976
526,八幡,52,0485,a,1976
527,六厩,52,1305,a,1976
528,多治見,52,1058,a,1976
529,大垣,52,0496,a,1976
530,宮之前,52,1311,a,1976
531,宮地,52,1066,a,1976
532,岐阜,52,47632,s,1872
533,恵那,52,0493,a,1976
534,揖斐川,52,1301,a,1976
535,栃尾,52,1061,a,1976
536,樽見,52,0486,a,1976
537,河合,52,1308,a,1976
538,白川,52,1306,a,1976
539,白鳥,52,0482,a,1976
540,神岡,52,0473,a,1976
541,美濃,52,1057,a,1976
542,美濃加茂,52,0491,a,1976
543,萩原,52,0483,a,1976
544,金山,52,0487,a,1976
545,長滝,52,1299,a,1976
546,関ケ原,52,0495,a,1976
547,高山,52,47617,s,1872
548,黒川,52,1313,a,1976
549,上野,53,47649,s,1872
550,亀山,53,0503,a,1976
551,南伊勢,53,1258,a,1976
552,四日市,53,47684,s,1872
553,小俣,53,0509,a,1976
554,尾鷲,53,47663,s,1872
555,桑名,53,0500,a,1976
556,津,53,47651,s,1872
557,熊野,53,0514,a,1976
558,熊野新鹿,53,1532,a,1976
559,粥見,53,0510,a,1976
560,紀伊長島,53,1349,a,1976
561,鳥羽,53,1230,a,1976
562,三条,54,0525,a,1976
563,下関,54,1060,a,1976
564,両津,54,0518,a,1976
565,中条,54,1318,a,1976
566,十日町,54,0537,a,1976
567,大潟,54,1302,a,1976
568,守門,54,0997,a,1976
569,安塚,54,0536,a,1976
570,寺泊,54,0524,a,1976
571,小出,54,0534,a,1976
572,巻,54,0522,a,1976
573,弾崎,54,1315,a,1976
574,新津,54,0521,a,1976
575,村上,54,0515,a,1976
576,松浜,54,1469,a,1976
577,柏崎,54,0532,a,1976
578,津南,54,0543,a,1976
579,津川,54,0527,a,1976
580,湯沢,54,0544,a,1976
581,相川,54,47602,s,1872
582,秋津,54,1514,a,1976
583,粟島,54,0995,a,1976
584,糸魚川,54,0539,a,1976
585,羽茂,54,0996,a,1976
586,能生,54,0540,a,1976
587,長岡,54,0529,a,1976
588,関山,54,0998,a,1976
589,高田,54,47612,s,1872
590,上市,55,0553,a,1976
591,伏木,55,47606,s,1872
592,八尾,55,0555,a,1976
593,南砺高宮,55,0554,a,1976
594,富山,55,47607,s,1872
595,朝日,55,0546,a,1976
596,氷見,55,1309,a,1976
597,砺波,55,0552,a,1976
598,秋ヶ島,55,1533,a,1976
599,魚津,55,0547,a,1976
600,かほく,56,0567,a,1976
601,七尾,56,0565,a,1976
602,三井,56,1544,a,1976
603,加賀中津原,56,0571,a,1976
604,小松,56,1324,a,1976
605,志賀,56,0564,a,1976
606,珠洲,56,0560,a,1976
607,白山河内,56,0973,a,1976
608,羽咋,56,0566,a,1976
609,輪島,56,47600,s,1872
610,金沢,56,47605,s,1872
611,三国,57,1071,a,1976
612,今庄,57,0577,a,1976
613,勝山,57,1226,a,1976
614,大野,57,0573,a,1976
615,小浜,57,0579,a,1976
616,敦賀,57,47631,s,1872
617,春江,57,1537,a,1976
618,福井,57,47616,s,1872
619,美浜,57,1010,a,1976
620,越廼,57,1316,a,1976
621,今津,60,0580,a,1976
622,伊吹山,60,47751,s,1872
623,信楽,60,0964,a,1976
624,南小松,60,1083,a,1976
625,土山,60,0587,a,1976
626,大津,60,0586,a,1976
627,彦根,60,47761,s,1872
628,東近江,60,0963,a,1976
629,米原,60,1524,a,1976
630,長浜,60,0976,a,1976
631,京田辺,61,0598,a,1976
632,京都,61,47759,s,1872
633,園部,61,0596,a,1976
634,宮津,61,0589,a,1976
635,福知山,61,0593,a,1976
636,美山,61,1303,a,1976
637,舞鶴,61,47750,s,1872
638,間人,61,0965,a,1976
639,八尾,62,1470,a,1976
640,堺,62,1062,a,1976
641,枚方,62,1065,a,1976
642,熊取,62,0606,a,1976
643,生駒山,62,0604,a,1976
644,能勢,62,0600,a,1976
645,豊中,62,0602,a,1976
646,関空島,62,1471,a,1976
647,一宮,63,0615,a,1976
648,三木,63,1227,a,1976
649,三田,63,0969,a,1976
650,上郡,63,0619,a,1976
651,兎和野高原,63,0977,a,1976
652,南淡,63,1337,a,1976
653,和田山,63,0612,a,1976
654,姫路,63,47769,s,1872
655,家島,63,0624,a,1976
656,明石,63,0625,a,1976
657,柏原,63,0614,a,1976
658,洲本,63,47776,s,1872
659,生野,63,0613,a,1976
660,神戸,63,47770,s,1872
661,神戸空港,63,1587,a,1976
662,福崎,63,0968,a,1976
663,西脇,63,0956,a,1976
664,豊岡,63,47747,s,1872
665,郡家,63,0970,a,1976
666,香住,63,0607,a,1976
667,上北山,64,0957,a,1976
668,五條,64,0635,a,1976
669,大宇陀,64,0633,a,1976
670,奈良,64,47780,s,1872
671,針,64,0630,a,1976
672,風屋,64,1228,a,1976
673,かつらぎ,65,1342,a,1976
674,南紀白浜,65,1589,a,1976
675,友ケ島,65,1457,a,1976
676,和歌山,65,47777,s,1872
677,川辺,65,1485,a,1976
678,御坊,65,0647,a,1976
679,新宮,65,0649,a,1976
680,栗栖川,65,0971,a,1976
681,清水,65,1063,a,1976
682,潮岬,65,47778,s,1872
683,白浜,65,0650,a,1976
684,西川,65,1347,a,1976
685,高野山,65,0645,a,1976
686,龍神,65,1089,a,1976
687,上長田,66,1328,a,1976
688,久世,66,0656,a,1976
689,今岡,66,0655,a,1976
690,倉敷,66,0669,a,1976
691,千屋,66,1330,a,1976
692,和気,66,0664,a,1976
693,奈義,66,1140,a,1976
694,岡山,66,47768,s,1872
695,新見,66,0658,a,1976
696,日応寺,66,1531,a,1976
697,津山,66,47756,s,1872
698,玉野,66,0670,a,1976
699,福渡,66,0663,a,1976
700,笠岡,66,0919,a,1976
701,虫明,66,0668,a,1976
702,高梁,66,0930,a,1976
703,三入,67,0950,a,1976
704,三次,67,0674,a,1976
705,世羅,67,0681,a,1976
706,久比,67,0953,a,1976
707,加計,67,0677,a,1976
708,呉,67,47766,s,1872
709,呉市蒲刈,67,1606,a,1976
710,大朝,67,0676,a,1976
711,大竹,67,0688,a,1976
712,庄原,67,0675,a,1976
713,府中,67,0951,a,1976
714,廿日市津田,67,1326,a,1976
715,本郷,67,1472,a,1976
716,東広島,67,0683,a,1976
717,油木,67,1325,a,1976
718,生口島,67,0687,a,1976
719,福山,67,47767,s,1872
720,竹原,67,0686,a,1976
721,高野,67,0947,a,1976
722,六日市,68,1322,a,1976
723,出雲,68,1310,a,1976
724,吉賀,68,1592,a,1976
725,大田,68,0697,a,1976
726,川本,68,0701,a,1976
727,弥栄,68,1321,a,1976
728,掛合,68,0698,a,1976
729,斐川,68,0694,a,1976
730,松江,68,47741,s,1872
731,横田,68,0699,a,1976
732,津和野,68,0707,a,1976
733,浜田,68,47755,s,1872
734,海士,68,1307,a,1976
735,瑞穂,68,1094,a,1976
736,益田,68,0704,a,1976
737,西郷,68,47740,s,1872
738,西郷岬,68,1473,a,1976
739,赤名,68,1320,a,1976
740,高津,68,1474,a,1976
741,鹿島,68,0693,a,1976
742,倉吉,69,0713,a,1976
743,塩津,69,1231,a,1976
744,境,69,47742,s,1872
745,岩井,69,0711,a,1976
746,智頭,69,0718,a,1976
747,湖山,69,1519,a,1976
748,米子,69,47744,s,1872
749,茶屋,69,1304,a,1976
750,青谷,69,0709,a,1976
751,鳥取,69,47746,s,1872
752,京上,71,1252,a,1976
753,剣山,71,47894,s,1872
754,宍喰,71,0725,a,1976
755,徳島,71,47895,s,1872
756,日和佐,71,0724,a,1976
757,木頭,71,1352,a,1976
758,東祖谷,71,1677,a,1976
759,池田,71,0720,a,1976
760,海陽,71,1604,a,1976
761,穴吹,71,0972,a,1976
762,蒲生田,71,1242,a,1976
763,内海,72,0726,a,1976
764,多度津,72,47890,s,1872
765,引田,72,0730,a,1976
766,滝宮,72,0729,a,1976
767,財田,72,1239,a,1976
768,香南,72,1475,a,1976
769,三崎,73,0960,a,1976
770,久万,73,0741,a,1976
771,今治,73,1077,a,1976
772,四国中央,73,0735,a,1976
773,大三島,73,0732,a,1976
774,大洲,73,0959,a,1976
775,宇和,73,0961,a,1976
776,宇和島,73,47892,s,1872
777,御荘,73,0745,a,1976
778,新居浜,73,0734,a,1976
779,松山,73,47887,s,1872
780,松山南吉田,73,1521,a,1976
781,瀬戸,73,1456,a,1976
782,西条,73,0958,a,1976
783,近永,73,1350,a,1976
784,長浜,73,0739,a,1976
785,中村,74,0763,a,1976
786,佐賀,74,1233,a,1976
787,南国,74,0751,a,1976
788,南国日章,74,1476,a,1976
789,大栃,74,1229,a,1976
790,安芸,74,0755,a,1976
791,室戸岬,74,47899,s,1872
792,宿毛,74,47897,s,1872
793,後免,74,1249,a,1976
794,本山,74,0746,a,1976
795,本川,74,1351,a,1976
796,梼原,74,0921,a,1976
797,江川崎,74,1235,a,1976
798,清水,74,47898,s,1872
799,窪川,74,0758,a,1976
800,須崎,74,0756,a,1976
801,高知,74,47893,s,1872
802,下松,81,0776,a,1976
803,下関,81,47762,s,1872
804,宇部,81,0778,a,1976
805,安下庄,81,0779,a,1976
806,山口,81,47784,s,1872
807,岩国,81,0940,a,1976
808,広瀬,81,0771,a,1976
809,徳佐,81,0767,a,1976
810,柳井,81,0942,a,1976
811,油谷,81,0939,a,1976
812,玖珂,81,0913,a,1976
813,秋吉台,81,0769,a,1976
814,萩,81,47754,s,1872
815,豊田,81,0772,a,1976
816,防府,81,0775,a,1976
817,須佐,81,0765,a,1976
818,久留米,82,0790,a,1976
819,八幡,82,0780,a,1976
820,前原,82,0785,a,1976
821,博多,82,1477,a,1976
822,大牟田,82,0793,a,1976
823,太宰府,82,1141,a,1976
824,宗像,82,0943,a,1976
825,曽根,82,1527,a,1976
826,朝倉,82,0788,a,1976
827,添田,82,1046,a,1976
828,空港北町,82,1590,a,1976
829,行橋,82,0782,a,1976
830,飯塚,82,47809,s,1872
831,黒木,82,0792,a,1976
832,中津,83,0794,a,1976
833,佐伯,83,0808,a,1976
834,国見,83,1137,a,1976
835,大分,83,47815,s,1872
836,宇目,83,1142,a,1976
837,日田,83,47814,s,1872
838,杵築,83,1237,a,1976
839,武蔵,83,0796,a,1976
840,湯布院,83,0799,a,1976
841,犬飼,83,0805,a,1976
842,玖珠,83,0932,a,1976
843,竹田,83,0806,a,1976
844,蒲江,83,0810,a,1976
845,豊後高田,83,0795,a,1976
846,院内,83,0931,a,1976
847,上大津,84,1479,a,1976
848,佐世保,84,47812,s,1872
849,佐須奈,84,0811,a,1976
850,厳原,84,47800,s,1872
851,口之津,84,0922,a,1976
852,大村,84,1084,a,1976
853,大瀬戸,84,0817,a,1976
854,小値賀,84,1535,a,1976
855,島原,84,0962,a,1976
856,平戸,84,47805,s,1872
857,有川,84,1138,a,1976
858,松浦,84,0814,a,1976
859,石田,84,1478,a,1976
860,福江,84,47843,s,1872
861,絹笠山,84,1676,a,1976
862,美津島,84,1538,a,1976
863,脇岬,84,1670,a,1976
864,芦辺,84,1144,a,1976
865,西海,84,1672,a,1976
866,野母崎,84,1441,a,1976
867,長崎,84,47817,s,1872
868,雲仙岳,84,47818,s,1872
869,頭ヶ島,84,1536,a,1976
870,鰐浦,84,1453,a,1976
871,伊万里,85,1075,a,1976
872,佐賀,85,47813,s,1872
873,唐津,85,1610,a,1976
874,嬉野,85,0830,a,1976
875,川副,85,1480,a,1976
876,枝去木,85,0824,a,1976
877,白石,85,0829,a,1976
878,三角,86,1081,a,1976
879,上,86,0926,a,1976
880,人吉,86,47824,s,1872
881,八代,86,0846,a,1976
882,南小国,86,0833,a,1976
883,南阿蘇,86,1660,a,1976
884,岱明,86,0834,a,1976
885,本渡,86,0845,a,1976
886,松島,86,0843,a,1976
887,水俣,86,0924,a,1976
888,熊本,86,47819,s,1872
889,牛深,86,47838,s,1872
890,甲佐,86,0842,a,1976
891,益城,86,0923,a,1976
892,菊池,86,0835,a,1976
893,阿蘇乙姫,86,1240,a,1976
894,阿蘇山,86,47821,s,1872
895,高森,86,0840,a,1976
896,鹿北,86,0832,a,1976
897,串間,87,0872,a,1976
898,加久藤,87,0860,a,1976
899,古江,87,1135,a,1976
900,宮崎,87,47830,s,1872
901,小林,87,0863,a,1976
902,延岡,87,47822,s,1872
903,日向,87,0857,a,1976
904,油津,87,47835,s,1872
905,田野,87,1663,a,1976
906,神門,87,1353,a,1976
907,西米良,87,1345,a,1976
908,西都,87,0861,a,1976
909,赤江,87,1481,a,1976
910,都城,87,47829,s,1872
911,青島,87,0868,a,1976
912,鞍岡,87,1348,a,1976
913,高千穂,87,0852,a,1976
914,高鍋,87,0859,a,1976
915,さつま柏原,88,0878,a,1976
916,上中,88,0898,a,1976
917,与論島,88,1277,a,1976
918,中之島,88,1540,a,1976
919,中甑,88,0879,a,1976
920,中種子,88,0897,a,1976
921,伊仙,88,1139,a,1976
922,内之浦,88,0895,a,1976
923,加世田,88,0887,a,1976
924,古仁屋,88,0980,a,1976
925,名瀬,88,47909,s,1872
926,喜入,88,0890,a,1976
927,喜界島,88,1296,a,1976
928,大口,88,0875,a,1976
929,天城,88,1542,a,1976
930,尾之間,88,0899,a,1976
931,屋久島,88,47836,s,1872
932,川内,88,0880,a,1976
933,志布志,88,0936,a,1976
934,指宿,88,0893,a,1976
935,東市来,88,0883,a,1976
936,枕崎,88,47831,s,1872
937,沖永良部,88,47942,s,1872
938,溝辺,88,0881,a,1976
939,牧之原,88,0935,a,1976
940,田代,88,1136,a,1976
941,種子島,88,47837,s,1872
942,笠利,88,1520,a,1976
943,肝付前田,88,1181,a,1976
944,肝属川,88,0891,a,1976
945,輝北,88,1146,a,1976
946,阿久根,88,47823,s,1872
947,鹿屋,88,0937,a,1976
948,下地島,91,1490,a,1976
949,与那国島,91,47912,s,1872
950,久米島,91,47929,s,1872
951,仲筋,91,1491,a,1976
952,伊原間,91,1145,a,1976
953,伊是名,91,1147,a,1976
954,伊良部,91,1246,a,1976
955,北原,91,1534,a,1976
956,北大東,91,1517,a,1976
957,南大東（南大東島）,91,47945,s,1872
958,名護,91,47940,s,1872
959,多良間,91,1247,a,1976
960,大原,91,1251,a,1976
961,奥,91,0901,a,1976
962,安次嶺,91,1482,a,1976
963,宮古島,91,47927,s,1872
964,宮城島,91,1596,a,1976
965,志多阿原,91,1494,a,1976
966,慶良間,91,1516,a,1976
967,所野,91,1493,a,1976
968,旧東,91,1518,a,1976
969,波照間,91,1354,a,1976
970,渡嘉敷,91,1152,a,1976
971,盛山,91,1639,a,1976
972,真栄里,91,1484,a,1976
973,石垣島,91,47918,s,1872
974,粟国,91,1515,a,1976
975,糸数,91,0909,a,1976
976,西表島,91,47917,s,1872
977,金武,91,1064,a,1976
978,鏡原,91,1483,a,1976
979,昭和,99,89532,s,1872
